"total_revenue","month_number","month_name"
65954.70000000006,"8","August"
64817.63000000003,"10","October"
64441.33000000002,"7","July"
63426.18000000006,"12","December"
63353.1499999999,"9","September"
59025.709999999905,"1","January"
58846.60000000007,"6","June"
58005.02000000006,"5","May"
55882.97000000004,"11","November"
55433.97000000002,"3","March"
51246.50999999993,"4","April"
48141.27000000008,"2","February"
