"store_type","total_sales","percenatage_of_total_sales","order_count"
"Local",4191902.0199995344,65.00963681833618,"77714"
"Mall Kiosk",704362.4400000101,10.923524976111642,"13041"
"Outlet",507724.0900000024,7.873981437863867,"9145"
"Super Store",1043067.7200000056,16.176297377804133,"19107"
"Web Portal",1067.77,0.016559389884194507,"43"
